#,Country,Total Cases,New Cases,,,,,,,,,,,,,,,,
1,USA,"97,959,573",,"1,082,030",,"94,695,619",,"2,181,924","2,960","292,587","3,232","1,115,743,342","3,332,514","334,805,269",North America,3,309,0,,,"6,517"
2,India,"44,575,473",,"528,562",,"44,004,553",,"42,358",698,"31,690",376,"893,818,805","635,432","1,406,631,776",Asia,32,"2,661",2,,,30
3,France,"35,164,535",,"154,960",,"34,468,138",,"541,437",869,"536,171","2,363","271,490,188","4,139,547","65,584,518",Europe,2,423,0,,,"8,256"
4,Brazil,"34,681,231",,"685,881",,"33,818,040",,"177,310","8,318","161,043","3,185","63,776,166","296,146","215,353,593",South America,6,314,3,,,823
5,Germany,"33,041,332",,"149,576",,"32,214,300","+46,500","677,456","1,406","393,895","1,783","122,332,384","1,458,359","83,883,596",Europe,3,561,1,,,"8,076"
6,S. Korea,"24,673,663","+39,367","28,272",+26,"23,905,703","+69,356","739,688",401,"480,688",551,"15,804,065","307,892","51,329,899",Asia,2,"1,816",3,767,0.5,"14,410"
7,UK,"23,621,952",,"189,919",,"23,335,417","+5,187","96,616",146,"344,857","2,773","522,526,476","7,628,357","68,497,907",Europe,3,361,0,,,"1,410"
8,Italy,"22,313,612",,"176,912",,"21,709,268",,"427,432",130,"370,272","2,936","245,996,037","4,082,057","60,262,770",Europe,3,341,0,,,"7,093"
9,Japan,"21,118,325","+50,781","44,463",+88,"20,380,089","+58,178","693,773",225,"168,160",354,"76,201,407","606,772","125,584,838",Asia,6,"2,824",2,404,0.7,"5,524"
10,Russia,"20,833,109",,"386,842",,"19,800,764",,"645,503","2,300","142,882","2,653","273,400,000","1,875,095","145,805,947",Europe,7,377,1,,,"4,427"
11,Turkey,"16,873,793",,"101,139",,"16,744,827","+3,205","27,827",975,"197,211","1,182","162,743,369","1,902,052","85,561,976",Asia,5,846,1,,,325
12,Spain,"13,403,502",,"114,009",,"13,207,520",,"81,973",339,"286,895","2,440","471,036,328","10,082,298","46,719,142",Europe,3,410,0,,,"1,755"
13,Vietnam,"11,473,733",,"43,146",,"10,587,561",,"843,026",103,"115,951",436,"85,826,548","867,342","98,953,541",Asia,9,"2,293",1,,,"8,519"
14,Australia,"10,205,957","+1,762","14,950",+22,"10,133,494",,"57,513",51,"391,501",573,"78,835,048","3,024,116","26,068,792",Australia/Oceania,3,"1,744",0,68,0.8,"2,206"
15,Argentina,"9,708,420",,"129,897",,"9,559,964","+1,622","18,559",294,"211,006","2,823","35,716,069","776,264","46,010,234",South America,5,354,1,,,403
16,Netherlands,"8,415,459",,"22,637",,"8,359,557","+1,185","33,265",31,"488,945","1,315","21,107,399","1,226,358","17,211,447",Europe,2,760,1,,,"1,933"
17,Iran,"7,547,397",,"144,402",,"7,324,360",,"78,635",172,"87,737","1,679","54,060,167","628,440","86,022,837",Asia,11,596,2,,,914
18,Mexico,"7,082,034",,"330,046",,"6,350,757",,"401,231","4,798","53,830","2,509","18,346,244","139,449","131,562,772",North America,19,399,7,,,"3,050"
19,Indonesia,"6,423,873",,"158,036",,"6,246,549",,"19,288","2,771","23,014",566,"108,437,077","388,476","279,134,505",Asia,43,"1,766",3,,,69
20,Taiwan,"6,324,578","+45,850","10,912",+28,"5,534,019","+41,169","779,647",,"264,753",457,"25,865,423","1,082,752","23,888,595",Asia,4,"2,189",1,"1,919",1,"32,637"
21,Colombia,"6,306,552",,"141,769",,"6,133,785",,"30,998",342,"122,427","2,752","36,519,532","708,941","51,512,762",South America,8,363,1,,,602
22,Poland,"6,274,048",,"117,456",,"5,335,948",,"820,644","3,086","166,245","3,112","37,281,812","987,865","37,739,785",Europe,6,321,1,,,"21,745"
23,Portugal,"5,480,864",,"25,008",,"5,385,968",,"69,888",61,"540,489","2,466","44,951,343","4,432,822","10,140,570",Europe,2,405,0,,,"6,892"
24,Ukraine,"5,096,397",,"108,955",,"4,963,578","+2,313","23,864",177,"117,994","2,523","19,521,252","451,963","43,192,122",Europe,8,396,2,,,553
25,Austria,"5,079,700",,"20,713",,"4,987,148",,"71,839",47,"560,258","2,285","197,281,493","21,758,884","9,066,710",Europe,2,438,0,,,"7,923"
26,Greece,"4,875,215",,"33,010",,"4,821,401","+5,200","20,804",115,"472,559","3,200","92,282,015","8,944,971","10,316,637",Europe,2,313,0,,,"2,017"
27,Malaysia,"4,833,008",,"36,357",,"4,772,630",,"24,021",55,"145,656","1,096","64,514,156","1,944,306","33,181,072",Asia,7,913,1,,,724
28,DPRK,"4,772,813",,74,,"4,772,739",,0,,"183,636",3,,,"25,990,679",Asia,5,"351,225",,,,
29,Thailand,"4,679,022",+351,"32,739",+10,"4,639,886",+801,"6,397","1,496","66,769",467,"17,270,775","246,450","70,078,203",Asia,15,"2,141",4,5,0.1,91
30,Israel,"4,657,765",,"11,687",,"4,638,574",,"7,504",101,"499,439","1,253","41,373,364","4,436,346","9,326,000",Asia,2,798,0,,,805
31,Chile,"4,610,353",,"61,085",,"4,533,047",,"16,221",128,"239,496","3,173","45,020,155","2,338,686","19,250,195",South America,4,315,0,,,843
32,Belgium,"4,525,931",,"32,647",,"4,447,395","+1,136","45,889",48,"387,883","2,798","35,517,610","3,043,946","11,668,278",Europe,3,357,0,,,"3,933"
33,Canada,"4,233,468",,"44,992",,"4,122,433","+2,978","66,043",99,"110,280","1,172","64,928,884","1,691,366","38,388,419",North America,9,853,1,,,"1,720"
34,Peru,"4,141,410",,"216,514",,"3,912,187","+2,198","12,709",152,"122,948","6,428","35,066,735","1,041,044","33,684,208",South America,8,156,1,,,377
35,Czechia,"4,095,484","+4,735","41,039",,"4,034,513","+2,445","19,932",38,"381,444","3,822","56,194,328","5,233,814","10,736,784",Europe,3,262,0,441,,"1,856"
36,Switzerland,"4,067,621",,"14,177",,"4,007,173","+2,175","46,271",48,"463,619","1,616","22,259,921","2,537,137","8,773,637",Europe,2,619,0,,,"5,274"
37,South Africa,"4,017,788",,"102,169",,"3,909,265",,"6,354",192,"66,130","1,682","26,174,429","430,811","60,756,135",Africa,15,595,2,,,105
38,Philippines,"3,940,201",,"62,819",,"3,840,300",,"37,082",644,"35,021",558,"32,741,834","291,015","112,508,994",Asia,29,"1,791",3,,,330
39,Romania,"3,262,909",,"66,981",,"3,173,317",,"22,611",128,"171,449","3,520","25,037,926","1,315,616","19,031,335",Europe,6,284,1,,,"1,188"
40,Denmark,"3,107,554",,"7,039",,"3,091,408",,"9,107",,"532,576","1,206","128,368,078","21,999,859","5,834,950",Europe,2,829,0,,,"1,561"
41,Sweden,"2,583,370",,"20,147",,"2,546,326",+306,"16,897",18,"252,801","1,972","18,940,798","1,853,494","10,218,971",Europe,4,507,1,,,"1,653"
42,Iraq,"2,459,249",,"25,352",,"2,433,199",,698,21,"58,324",601,"19,239,264","456,286","42,164,965",Asia,17,"1,663",2,,,17
43,Serbia,"2,351,526",,"16,960",,"2,290,345",,"44,221",29,"271,758","1,960","10,986,288","1,269,648","8,653,016",Europe,4,510,1,,,"5,110"
44,Hungary,"2,082,750",,"47,457",,"2,001,729",,"33,564",14,"216,812","4,940","11,394,556","1,186,160","9,606,259",Europe,5,202,1,,,"3,494"
45,Bangladesh,"2,022,408",,"29,359",,"1,963,308",,"29,741","1,331","12,046",175,"14,857,734","88,499","167,885,689",Asia,83,"5,718",11,,,177
46,Singapore,"1,892,947",,"1,615",,"1,815,240",,"76,092",9,"318,488",272,"24,345,019","4,096,043","5,943,546",Asia,3,"3,680",0,,,"12,802"
47,Slovakia,"1,841,580",,"20,450",,"1,816,822",,"4,308",22,"337,274","3,745","7,293,263","1,335,715","5,460,193",Europe,3,267,1,,,789
48,Georgia,"1,780,691",,"16,900",,"1,637,293",,"126,498",,"448,679","4,258","16,920,079","4,263,340","3,968,738",Asia,2,235,0,,,"31,874"
49,New Zealand,"1,779,476",,"2,959",,"1,767,660",,"8,857",,"363,292",604,"7,544,063","1,540,170","4,898,203",Australia/Oceania,3,"1,655",1,,,"1,808"
50,Hong Kong,"1,749,534",,"10,128",,"1,448,110",,"291,296",15,"230,072","1,332","54,352,132","7,147,553","7,604,299",Asia,4,751,0,,,"38,307"
51,Jordan,"1,746,997",,"14,122",,"1,731,007",,"1,868",59,"169,597","1,371","17,201,885","1,669,945","10,300,869",Asia,6,729,1,,,181
52,Ireland,"1,662,008",,"7,885",,"1,647,964",+322,"6,159",15,"331,064","1,571","12,693,631","2,528,512","5,020,199",Europe,3,637,0,,,"1,227"
53,Pakistan,"1,572,410",+39,"30,612",,"1,536,924",,"4,874",80,"6,852",133,"30,477,451","132,806","229,488,994",Asia,146,"7,497",8,0.2,,21
54,Norway,"1,462,050",,"4,065",,"1,456,905",,"1,080",20,"265,279",738,"11,002,430","1,996,315","5,511,370",Europe,4,"1,356",1,,,196
55,Kazakhstan,"1,393,284",+68,"13,690",,"1,377,365",,"2,229",24,"72,548",713,"11,575,012","602,707","19,205,043",Asia,14,"1,403",2,4,,116
56,Finland,"1,287,044",,"5,928",,"1,262,294",+793,"18,822",21,"231,693","1,067","11,478,933","2,066,429","5,554,960",Europe,4,937,0,,,"3,388"
57,Morocco,"1,264,883",,"16,278",,"1,248,477",,128,293,"33,487",431,"12,568,309","332,735","37,772,756",Africa,30,"2,320",3,,,3
58,Bulgaria,"1,256,266",,"37,704",,"1,208,659",,"9,903",28,"183,541","5,509","10,542,229","1,540,226","6,844,597",Europe,5,182,1,,,"1,447"
59,Lithuania,"1,244,174",,"9,315",,"1,213,142",,"21,717",10,"467,434","3,500","10,164,808","3,818,904","2,661,708",Europe,2,286,0,,,"8,159"
60,Croatia,"1,229,044",,"16,881",,"1,208,152",,"4,011",10,"302,773","4,159","5,213,306","1,284,291","4,059,286",Europe,3,240,1,,,988
61,Lebanon,"1,215,148",,"10,672",,"1,087,587",,"116,889",74,"181,776","1,596","4,795,578","717,380","6,684,849",Asia,6,626,1,,,"17,486"
62,Slovenia,"1,171,695",,"6,812",,"1,135,954",,"28,929",15,"563,848","3,278","2,740,256","1,318,677","2,078,034",Europe,2,305,1,,,"13,921"
63,Tunisia,"1,145,345",,"29,246",,N/A,N/A,N/A,99,"95,076","2,428","4,941,390","410,188","12,046,656",Africa,11,412,2,,,506
64,Guatemala,"1,120,199",,"19,772",,"1,099,480",,947,5,"60,277","1,064","5,848,768","314,720","18,584,039",North America,17,940,3,,,51
65,Cuba,"1,111,161",,"8,530",,"1,102,498",,133,23,"98,284",754,"14,145,243","1,251,166","11,305,652",North America,10,"1,325",1,,,12
66,Bolivia,"1,107,963",+55,"22,233",+1,"1,050,266",+461,"35,464",220,"92,387","1,854","2,705,422","225,590","11,992,656",South America,11,539,4,5,0.08,"2,957"
67,Costa Rica,"1,072,807",,"8,913",,"860,711",,"203,183",52,"207,012","1,720","4,659,757","899,158","5,182,354",North America,5,581,1,,,"39,207"
68,UAE,"1,025,910",,"2,344",,"1,005,266",,"18,300",,"101,759",232,"189,917,703","18,837,706","10,081,785",Asia,10,"4,301",0,,,"1,815"
69,Ecuador,"1,002,057",,"35,887",,"963,699",+446,"2,471",759,"55,321","1,981","3,082,403","170,173","18,113,361",South America,18,505,6,,,136
70,Nepal,"999,614",,"12,017",,"986,419",,"1,178",,"33,072",398,"5,932,382","196,270","30,225,582",Asia,30,"2,515",5,,,39
71,Belarus,"994,037",,"7,118",,"985,592",,"1,327",,"105,381",755,"13,646,641","1,446,722","9,432,800",Europe,9,"1,325",1,,,141
72,Panama,"986,866",,"8,497",,"976,873",,"1,496",16,"221,919","1,911","7,062,027","1,588,056","4,446,964",North America,5,523,1,,,336
73,Uruguay,"985,422",,"7,485",,"976,760",,"1,177",18,"281,870","2,141","6,114,822","1,749,083","3,496,016",South America,4,467,1,,,337
74,Mongolia,"982,726",,"2,179",,"979,021",,"1,526",192,"290,913",645,"4,030,048","1,193,000","3,378,078",Asia,3,"1,550",1,,,452
75,Latvia,"924,651",,"5,981",,"891,237",,"27,433",5,"500,126","3,235","7,632,584","4,128,316","1,848,837",Europe,2,309,0,,,"14,838"
76,Azerbaijan,"820,858",,"9,903",,"809,673",,"1,282",,"79,693",961,"7,238,737","702,776","10,300,205",Asia,13,"1,040",1,,,124
77,Saudi Arabia,"816,000",,"9,344",,"803,250",,"3,406",37,"22,765",261,"44,299,321","1,235,861","35,844,909",Asia,44,"3,836",1,,,95
78,Paraguay,"716,059",,"19,583",,"696,110",,366,7,"98,012","2,680","2,657,506","363,751","7,305,843",South America,10,373,3,,,50
79,Bahrain,"679,151",,"1,520",,"674,544",,"3,087",1,"380,694",852,"10,362,373","5,808,560","1,783,983",Asia,3,"1,174",0,,,"1,730"
80,Sri Lanka,"670,718",,"16,756",,"653,770",,192,,"31,087",777,"6,486,117","300,619","21,575,842",Asia,32,"1,288",3,,,9
81,Kuwait,"658,520",,"2,563",,"655,316",,641,3,"150,336",585,"8,365,279","1,909,739","4,380,326",Asia,7,"1,709",1,,,146
82,Dominican Republic,"644,016",,"4,384",,"638,911",,721,4,"58,248",397,"3,657,057","330,765","11,056,370",North America,17,"2,522",3,,,65
83,Myanmar,"621,686",,"19,455",,"597,182",,"5,049",,"11,257",352,"9,018,830","163,304","55,227,143",Asia,89,"2,839",6,,,91
84,Palestine,"620,548",,"5,403",,"608,749",,"6,396",17,"116,087","1,011","3,078,533","575,907","5,345,541",Asia,9,989,2,,,"1,197"
85,Estonia,"600,681",,"2,667",,"524,990",,"73,024",1,"454,404","2,018","3,527,010","2,668,117","1,321,910",Europe,2,496,0,,,"55,241"
86,Moldova,"586,966",,"11,821",,"504,142",,"71,003",49,"146,260","2,946","3,216,305","801,437","4,013,171",Europe,7,339,1,,,"17,692"
87,Cyprus,"585,313",,"1,180",,"577,651",+267,"6,482",60,"478,437",965,"9,640,118","7,879,860","1,223,387",Asia,2,"1,037",0,,,"5,298"
88,Venezuela,"544,531",,"5,814",,"537,849",,868,36,"18,606",199,"3,359,014","114,771","29,266,991",South America,54,"5,034",9,,,30
89,Egypt,"515,645",,"24,613",,"442,182",,"48,850",122,"4,857",232,"3,693,367","34,792","106,156,692",Africa,206,"4,313",29,,,460
90,Libya,"506,986",,"6,437",,"500,499",,50,101,"72,007",914,"2,481,789","352,490","7,040,745",Africa,14,"1,094",3,,,7
91,Ethiopia,"493,528",,"7,572",,"471,902",,"14,054",1,"4,085",63,"5,253,257","43,483","120,812,698",Africa,245,"15,955",23,,,116
92,Réunion,"471,713",,890,,"418,572",,"52,251",10,"519,473",980,"1,603,660","1,766,027","908,061",Africa,2,"1,020",1,,,"57,541"
93,Honduras,"456,336",,"10,992",,N/A,N/A,N/A,105,"44,646","1,075","1,527,364","149,430","10,221,247",North America,22,930,7,,,"30,603"
94,Qatar,"447,133",,682,,"440,400",,"6,051",3,"150,049",229,"3,940,332","1,322,297","2,979,915",Asia,7,"4,369",1,,,"2,031"
95,Armenia,"442,875",,"8,683",,"430,192",,"4,000",,"149,018","2,922","3,210,961","1,080,416","2,971,966",Asia,7,342,1,,,"1,346"
96,Bosnia and Herzegovina,"398,415",,"16,131",,"376,654",,"5,630",,"122,615","4,964","1,859,164","572,171","3,249,317",Europe,8,201,2,,,"1,733"
97,Oman,"397,993",,"4,260",,"384,669",,"9,064",2,"74,755",800,"25,000,000","4,695,724","5,323,993",Asia,13,"1,250",0,,,"1,702"
98,North Macedonia,"342,615",,"9,531",,"332,710",,374,,"164,616","4,579","2,128,741","1,022,792","2,081,304",Europe,6,218,1,,,180
99,Kenya,"338,390",,"5,675",,"332,620",,95,1,"6,020",101,"3,879,154","69,005","56,215,221",Africa,166,"9,906",14,,,2
100,Zambia,"333,439",,"4,017",,"329,239",,183,,"17,126",206,"3,724,072","191,270","19,470,234",Africa,58,"4,847",5,,,9
101,Albania,"331,987",,"3,588",,"326,502",,"1,897",,"115,821","1,252","1,941,032","677,173","2,866,374",Europe,9,799,1,,,662
102,Botswana,"326,308",,"2,789",,"322,955",,564,1,"133,669","1,142","2,026,898","830,300","2,441,162",Africa,7,875,1,,,231
103,Luxembourg,"288,658",,"1,123",,"283,668",,"3,867",,"449,363","1,748","4,402,293","6,853,194","642,371",Europe,2,572,0,,,"6,020"
104,Montenegro,"279,494",,"2,781",,"275,674",,"1,039",6,"445,090","4,429","2,620,813","4,173,601","627,950",Europe,2,226,0,,,"1,655"
105,Algeria,"270,649",,"6,879",,"182,293",,"81,477",6,"5,968",152,"230,861","5,091","45,350,148",Africa,168,"6,593",196,,,"1,797"
106,Nigeria,"265,186",,"3,155",,"258,139",,"3,892",11,"1,223",15,"5,441,162","25,104","216,746,934",Africa,817,"68,700",40,,,18
107,Zimbabwe,"257,342",,"5,599",,"251,233",,510,12,"16,785",365,"2,509,897","163,709","15,331,428",Africa,60,"2,738",6,,,33
108,Uzbekistan,"244,160",,"1,637",,"241,486",,"1,037",23,"7,101",48,"1,377,915","40,077","34,382,084",Asia,141,"21,003",25,,,30
109,Mozambique,"230,219",,"2,221",,"227,882",,116,11,"6,957",67,"1,371,127","41,437","33,089,461",Africa,144,"14,898",24,,,4
110,Brunei,"226,237",,225,,"222,140",,"3,872",3,"507,906",505,"717,784","1,611,437","445,431",Asia,2,"1,980",1,,,"8,693"
111,Martinique,"220,192",,"1,042",,N/A,N/A,N/A,8,"588,612","2,785","828,928","2,215,870","374,087",North America,2,359,0,,,"585,548"
112,Laos,"215,799",+48,758,,N/A,N/A,N/A,,"28,846",101,"1,233,207","164,845","7,481,023",Asia,35,"9,869",6,6,,"27,721"
113,Kyrgyzstan,"206,083",,"2,991",,"196,406",,"6,686",131,"30,629",445,"1,907,195","283,460","6,728,271",Asia,33,"2,250",4,,,994
114,Iceland,"205,454",,213,,N/A,N/A,N/A,2,"594,841",617,"1,996,384","5,780,036","345,393",Europe,2,"1,622",0,,,"375,097"
115,El Salvador,"201,785",,"4,229",,"179,410",,"18,146",8,"30,805",646,"2,610,114","398,467","6,550,389",North America,32,"1,549",3,,,"2,770"
116,Afghanistan,"198,543",,"7,798",,"177,340",,"13,405","1,124","4,872",191,"1,099,941","26,990","40,754,388",Asia,205,"5,226",37,,,329
117,Guadeloupe,"191,997",,986,,N/A,N/A,N/A,19,"480,240","2,466","938,039","2,346,306","399,794",North America,2,405,0,,,"472,146"
118,Maldives,"185,042",,308,,"163,687",,"21,047",25,"342,046",569,"2,213,831","4,092,223","540,985",Asia,3,"1,756",0,,,"38,905"
119,Trinidad and Tobago,"182,597",,"4,195",,"174,214",,"4,188",18,"129,816","2,982","834,508","593,287","1,406,585",North America,8,335,2,,,"2,977"
120,Uganda,"169,396",,"3,628",,"100,431",,"65,337",3,"3,498",75,"3,012,408","62,198","48,432,863",Africa,286,"13,350",16,,,"1,349"
121,Namibia,"169,253",,"4,065",,"164,813",,375,,"64,260","1,543","1,062,663","403,460","2,633,874",Africa,16,648,2,,,142
122,Ghana,"169,100",,"1,459",,"167,307",,334,2,"5,220",45,"2,504,017","77,295","32,395,450",Africa,192,"22,204",13,,,10
123,Jamaica,"151,706",,"3,311",,"98,931",,"49,464",,"50,821","1,109","1,182,893","396,267","2,985,094",North America,20,902,3,,,"16,570"
124,Cambodia,"137,856",+7,"3,056",,"134,724",+9,76,,"8,030",178,"3,066,582","178,615","17,168,639",Asia,125,"5,618",6,0.4,,4
125,Rwanda,"132,495",,"1,466",,"130,955",,74,,"9,742",108,"5,812,322","427,362","13,600,464",Africa,103,"9,277",2,,,5
126,Cameroon,"121,652",,"1,935",,"118,616",,"1,101",13,"4,358",69,"1,751,774","62,762","27,911,548",Africa,229,"14,425",16,,,39
127,Malta,"114,583",,804,,"113,154",,625,4,"258,051","1,811","2,059,153","4,637,387","444,033",Europe,4,552,0,,,"1,408"
128,Angola,"103,131",,"1,917",,"101,155",,59,,"2,944",55,"1,499,795","42,818","35,027,343",Africa,340,"18,272",23,,,2
129,Barbados,"102,456",,559,,"101,625",,272,,"355,722","1,941","764,358","2,653,809","288,023",North America,3,515,0,,,944
130,French Guiana,"93,974",,410,,"11,254",,"82,310",3,"299,119","1,305","651,257","2,072,951","314,169",South America,3,766,0,,,"261,993"
131,DRC,"92,852",,"1,442",,"83,504",,"7,906",,975,15,"846,704","8,890","95,240,792",Africa,"1,026","66,048",112,,,83
132,Channel Islands,"90,973",,200,,"90,241",,532,,"515,536","1,133","1,252,808","7,099,551","176,463",Europe,2,882,0,,,"3,015"
133,Senegal,"88,339",,"1,968",,"86,253",,118,,"5,004",111,"1,146,543","64,946","17,653,671",Africa,200,"8,970",15,,,7
134,Malawi,"88,005",,"2,680",,"84,860",,465,67,"4,361",133,"615,710","30,510","20,180,839",Africa,229,"7,530",33,,,23
135,Ivory Coast,"87,135",,823,,"86,277",,35,,"3,141",30,"1,626,038","58,612","27,742,298",Africa,318,"33,709",17,,,1
136,Suriname,"81,099",,"1,385",,N/A,N/A,N/A,,"135,883","2,321","239,128","400,663","596,831",South America,7,431,2,,,"50,413"
137,French Polynesia,"76,588",,649,,N/A,N/A,N/A,7,"269,520","2,284",,,"284,164",Australia/Oceania,4,438,,,,"149,347"
138,New Caledonia,"74,139",,314,,"73,769",,56,9,"254,848","1,079","98,964","340,182","290,915",Australia/Oceania,4,926,3,,,192
139,Eswatini,"73,390",,"1,422",,"71,955",,13,11,"61,942","1,200","1,045,903","882,755","1,184,817",Africa,16,833,1,,,11
140,Guyana,"71,315",,"1,281",,"69,950",,84,,"89,812","1,613","694,686","874,870","794,045",South America,11,620,1,,,106
141,Belize,"68,784",,683,,"68,043",,58,6,"166,874","1,657","576,016","1,397,453","412,190",North America,6,603,1,,,141
142,Fiji,"68,234",,878,,"66,290",,"1,066",,"75,026",965,"662,134","728,047","909,466",Australia/Oceania,13,"1,036",1,,,"1,172"
143,Madagascar,"66,676",,"1,410",,"65,242",,24,,"2,285",48,"512,993","17,581","29,178,077",Africa,438,"20,694",57,,,0.8
144,Sudan,"63,285",,"4,961",,"57,279",+11,"1,045",,"1,376",108,"562,941","12,240","45,992,020",Africa,727,"9,271",82,,,23
145,Mauritania,"62,794",,994,,"61,784",,16,,"12,810",203,"968,469","197,567","4,901,981",Africa,78,"4,932",5,,,3
146,Cabo Verde,"62,360",,410,,"61,889",,61,23,"109,851",722,"401,622","707,482","567,678",Africa,9,"1,385",1,,,107
147,Bhutan,"61,730",,21,,"61,564",,145,,"78,343",27,"2,303,734","2,923,739","787,941",Asia,13,"37,521",0,,,184
148,Syria,"57,280",,"3,163",,"54,064",,53,,"2,958",163,"146,269","7,553","19,364,809",Asia,338,"6,122",132,,,3
149,Burundi,"50,026",,38,,"49,457",,531,,"3,963",3,"345,742","27,386","12,624,840",Africa,252,"332,233",37,,,42
150,Gabon,"48,691",,306,,"48,292",,93,,"20,884",131,"1,616,256","693,216","2,331,533",Africa,48,"7,619",1,,,40
151,Seychelles,"46,358",,169,,"45,977",,212,,"466,256","1,700",,,"99,426",Africa,2,588,,,,"2,132"
152,Andorra,"46,147",,155,,"45,938",,54,14,"595,730","2,001","249,838","3,225,256","77,463",Europe,2,500,0,,,697
153,Curaçao,"45,127",,282,,"44,720",,125,3,"272,623","1,704","496,693","3,000,640","165,529",North America,4,587,0,,,755
154,Papua New Guinea,"44,981",,664,,"43,982",,335,7,"4,841",71,"249,149","26,813","9,292,169",Australia/Oceania,207,"13,994",37,,,36
155,Aruba,"42,914",,227,,"42,438",,249,2,"398,796","2,109","177,885","1,653,068","107,609",North America,3,474,1,,,"2,314"
156,Mauritius,"40,461",,"1,024",,"38,786",,651,,"31,741",803,"358,675","281,374","1,274,727",Africa,32,"1,245",4,,,511
157,Mayotte,"40,243",,187,,N/A,N/A,N/A,,"140,582",653,"176,919","618,038","286,259",Africa,7,"1,531",2,,,"129,575"
158,Tanzania,"39,341",,845,,N/A,N/A,N/A,7,622,13,,,"63,298,550",Africa,"1,609","74,910",,,,605
159,Togo,"38,987",,284,,"38,461",,242,,"4,491",33,"791,457","91,173","8,680,837",Africa,223,"30,566",11,,,28
160,Isle of Man,"38,008",,116,,N/A,N/A,N/A,,"443,335","1,353","150,753","1,758,422","85,732",Europe,2,739,1,,,"129,450"
161,Guinea,"37,652",,449,,"36,880",,323,8,"2,715",32,"660,107","47,607","13,865,691",Africa,368,"30,881",21,,,23
162,Bahamas,"37,267",,833,,"36,070",,364,2,"93,047","2,080","248,846","621,314","400,516",North America,11,481,2,,,909
163,Faeroe Islands,"34,658",,28,,N/A,N/A,N/A,5,"703,959",569,"778,000","15,802,409","49,233",Europe,1,"1,758",0,,,"547,133"
164,Lesotho,"34,490",,706,,"25,980",,"7,804",,"15,852",324,"431,221","198,199","2,175,699",Africa,63,"3,082",5,,,"3,587"
165,Haiti,"33,733",,857,,"31,307",,"1,569",,"2,888",73,"132,422","11,337","11,680,283",North America,346,"13,629",88,,,134
166,Mali,"32,607",,741,,"31,481",,385,,"1,518",35,"757,817","35,290","21,473,764",Africa,659,"28,979",28,,,18
167,Cayman Islands,"30,545",,31,,"8,553",,"21,961",1,"454,018",461,"222,773","3,311,280","67,277",North America,2,"2,170",0,,,"326,427"
168,Saint Lucia,"29,408",,391,,"28,475",,542,,"158,865","2,112","210,354","1,136,355","185,113",North America,6,473,1,,,"2,928"
169,Benin,"27,638",,163,,"27,322",,153,5,"2,162",13,"604,310","47,268","12,784,726",Africa,463,"78,434",21,,,12
170,Somalia,"27,207",,"1,352",,"13,182",,"12,673",,"1,615",80,"400,466","23,778","16,841,795",Africa,619,"12,457",42,,,752
171,Congo,"24,837",,386,,"24,006",,445,,"4,284",67,"347,815","59,991","5,797,805",Africa,233,"15,020",17,,,77
172,Timor-Leste,"23,239",,138,,"23,067",,34,,"16,970",101,"275,776","201,380","1,369,429",Asia,59,"9,923",5,,,25
173,Solomon Islands,"21,544",,153,,"16,357",,"5,034",1,"29,874",212,"5,117","7,096","721,159",Australia/Oceania,33,"4,713",141,,,"6,980"
174,Burkina Faso,"21,128",,387,,"20,632",,109,,956,18,"248,995","11,265","22,102,838",Africa,"1,046","57,113",89,,,5
175,San Marino,"20,671",,118,,"20,441",,112,4,"606,454","3,462","157,634","4,624,732","34,085",Europe,2,289,0,,,"3,286"
176,Gibraltar,"20,092",,108,,"16,579",,"3,405",,"596,131","3,204","534,283","15,852,213","33,704",Europe,2,312,0,,,"101,027"
177,Liechtenstein,"19,543",,86,,"19,298",,159,,"509,105","2,240","102,174","2,661,682","38,387",Europe,2,446,0,,,"4,142"
178,Grenada,"19,536",,237,,"19,248",,51,4,"172,161","2,089","179,808","1,584,560","113,475",North America,6,479,1,,,449
179,Nicaragua,"18,491",,225,,"4,225",,"14,041",,"2,728",33,,,"6,779,100",North America,367,"30,129",,,,"2,071"
180,Bermuda,"18,122",,148,,"17,922",,52,,"292,578","2,389","1,003,382","16,199,519","61,939",North America,3,419,0,,,840
181,South Sudan,"17,823",,138,,"17,335",,350,1,"1,534",12,"410,280","35,313","11,618,511",Africa,652,"84,192",28,,,30
182,Tajikistan,"17,786",,125,,"17,264",,397,,"1,786",13,,,"9,957,464",Asia,560,"79,660",,,,40
183,Equatorial Guinea,"17,010",,183,,"16,690",,137,5,"11,365",122,"365,697","244,342","1,496,662",Africa,88,"8,178",4,,,92
184,Tonga,"16,182",,12,,"15,638",,532,,"150,182",111,"535,009","4,965,327","107,749",Australia/Oceania,7,"8,979",0,,,"4,937"
185,Samoa,"15,925",,29,,"1,605",,"14,291",4,"78,743",143,"187,397","926,612","202,239",Australia/Oceania,13,"6,974",1,,,"70,664"
186,Djibouti,"15,690",,189,,"15,427",,74,,"15,441",186,"305,941","301,094","1,016,097",Africa,65,"5,376",3,,,73
187,Marshall Islands,"15,275",,17,,"15,166",,92,22,"254,342",283,,,"60,057",Australia/Oceania,4,"3,533",,,,"1,532"
188,CAR,"14,913",,113,,"14,520",,280,2,"2,973",23,"81,294","16,205","5,016,678",Africa,336,"44,395",62,,,56
189,Dominica,"14,852",,68,,"14,554",,230,,"205,297",940,"210,195","2,905,493","72,344",North America,5,"1,064",0,,,"3,179"
190,Monaco,"14,572",,63,,"14,460",,49,4,"366,287","1,584","78,646","1,976,875","39,783",Europe,3,631,1,,,"1,232"
191,Gambia,"12,508",,372,,"12,028",,108,,"4,889",145,"155,686","60,851","2,558,482",Africa,205,"6,878",16,,,42
192,Greenland,"11,971",,21,,"2,761",,"9,189",4,"210,117",369,"164,926","2,894,810","56,973",North America,5,"2,713",0,,,"161,287"
193,Saint Martin,"11,941",,63,,"1,399",,"10,479",7,"300,554","1,586","112,382","2,828,643","39,730",North America,3,631,0,,,"263,755"
194,Yemen,"11,935",,"2,157",,"9,124",,654,23,383,69,"329,592","10,579","31,154,867",Asia,"2,610","14,444",95,,,21
195,Vanuatu,"11,930",,14,,"11,894",,22,,"37,069",44,"24,976","77,606","321,832",Australia/Oceania,27,"22,988",13,,,68
196,Caribbean Netherlands,"11,200",,36,,"10,476",,688,,"420,310","1,351","30,126","1,130,559","26,647",North America,2,740,1,,,"25,819"
197,Sint Maarten,"10,863",,87,,"10,773",,3,10,"247,077","1,979","62,056","1,411,454","43,966",North America,4,505,1,,,68
198,Eritrea,"10,169",,103,,"10,063",,3,,"2,777",28,"23,693","6,470","3,662,244",Africa,360,"35,556",155,,,0.8
199,Niger,"9,931",,312,,"8,890",,729,1,381,12,"254,538","9,759","26,083,660",Africa,"2,626","83,601",102,,,28
200,Micronesia,"9,759",,29,,157,,"9,573",1,"83,063",247,"21,923","186,596","117,489",Australia/Oceania,12,"4,051",5,,,"81,480"
201,Antigua and Barbuda,"9,089",,146,,"8,922",,21,1,"91,338","1,467","18,901","189,943","99,509",North America,11,682,5,,,211
202,Guinea-Bissau,"8,796",,175,,"8,301",,320,6,"4,263",85,"145,231","70,385","2,063,367",Africa,235,"11,791",14,,,155
203,Comoros,"8,471",,161,,"8,305",,5,,"9,335",177,,,"907,419",Africa,107,"5,636",,,,6
204,Liberia,"7,961",,294,,"7,636",,31,2,"1,501",55,"139,824","26,356","5,305,117",Africa,666,"18,045",38,,,6
205,Sierra Leone,"7,751",,126,,N/A,N/A,N/A,,933,15,"259,958","31,296","8,306,436",Africa,"1,072","65,924",32,,,333
206,Chad,"7,581",,193,,"4,874",,"2,514",,435,11,"191,341","10,988","17,413,580",Africa,"2,297","90,226",91,,,144
207,British Virgin Islands,"7,305",,64,,N/A,N/A,N/A,,"238,757","2,092","107,339","3,508,269","30,596",North America,4,478,0,,,392
208,St. Vincent Grenadines,"7,112",,115,,"6,641",,356,,"63,756","1,031","100,856","904,125","111,551",North America,16,970,1,,,"3,191"
209,Saint Kitts and Nevis,"6,541",,46,,"6,482",,13,,"121,420",854,"124,861","2,317,778","53,871",North America,8,"1,171",0,,,241
210,Cook Islands,"6,389",,1,,"6,384",,4,,"363,610",57,"19,690","1,120,596","17,571",Australia/Oceania,3,"17,571",1,,,228
211,Turks and Caicos,"6,380",,36,,"6,321",,23,4,"160,539",906,"550,093","13,841,952","39,741",North America,6,"1,104",0,,,579
212,Sao Tome and Principe,"6,230",,77,,"6,132",,21,,"27,363",338,"29,036","127,530","227,679",Africa,37,"2,957",8,,,92
213,Palau,"5,460",,6,,"5,444",,10,1,"299,457",329,"64,681","3,547,469","18,233",Australia/Oceania,3,"3,039",0,,,548
214,St. Barth,"5,263",,6,,N/A,N/A,N/A,,"529,211",603,"78,646","7,908,095","9,945",North America,2,"1,658",0,,,"482,152"
215,Nauru,"4,611",,1,,"4,605",,5,,"422,911",92,"20,509","1,881,042","10,903",Australia/Oceania,2,"10,903",1,,,459
216,Anguilla,"3,858",,12,,"3,846",,0,4,"253,316",788,"51,382","3,373,736","15,230",North America,4,"1,269",0,,,
217,Kiribati,"3,430",,13,,"2,703",,714,3,"27,792",105,,,"123,419",Australia/Oceania,36,"9,494",,,,"5,785"
218,Saint Pierre Miquelon,"3,188",,1,,"2,449",,738,1,"553,568",174,"24,902","4,324,015","5,759",North America,2,"5,759",0,,,"128,147"
219,Falkland Islands,"1,886",,,,"1,886",,0,,"532,919",,"8,632","2,439,107","3,539",South America,2,,0,,,
220,Montserrat,"1,392",,8,,"1,315",,69,,"280,363","1,611","17,481","3,520,846","4,965",North America,4,621,0,,,"13,897"
221,Saint Helena,"1,355",,,,2,,"1,353",,"221,586",,,,"6,115",Africa,5,,,,,"221,259"
222,Macao,793,,6,,787,,0,,"1,188",9,"7,850","11,760","667,490",Asia,842,"111,248",85,,,
223,Wallis and Futuna,761,,7,,438,,316,,"69,295",637,"20,508","1,867,419","10,982",Australia/Oceania,14,"1,569",1,,,"28,774"
224,Diamond Princess,712,,13,,699,,0,,,,,,,,,,,,,
225,Niue,80,,,,79,,1,,"49,322",,,,"1,622",Australia/Oceania,20,,,,,617
226,Vatican City,29,,,,29,,0,,"36,295",,,,799,Europe,28,,,,,
227,Tuvalu,20,,,,,,20,,"1,658",,,,"12,066",Australia/Oceania,603,,,,,"1,658"
228,Western Sahara,10,,1,,9,,0,,16,2,,,"626,161",Africa,"62,616","626,161",,,,
229,MS Zaandam,9,,2,,7,,0,,,,,,,,,,,,,
230,China,"249,929",+245,"5,226",,"241,737",+241,"2,966",38,173,4,"160,000,000","110,461","1,448,471,400",Asia,"5,796","277,166",9,0.2,,2
